Class	1	1	1	1	1	1	1	1	1	1	1	1	1	1	1	1	1	1	1	1	1	1	1	2	2	2	2	2	2	2	2	2	2	2	2	2	2	2	2	2	2	2	2	2	2	2	2	2	2	2	2	2	2	2	2	2	2	2	2	2	2	2	2	2	2	2	2	2	2	2	2	2	2	2	2	2	2	2	2	2	2	3	3	3	3	3	3	3	k	Anova.p	KruskalWallis.p	x	x	x	x	x	x	Gene	Gene synonym	Ensembl	Gene description	Uniprot	Chromosome	Position	Protein class	Biological process	Molecular function	Disease involvement	Evidence	HPA evidence	UniProt evidence	NeXtProt evidence	MS evidence	RNA tissue specificity	RNA tissue distribution	RNA tissue specificity score	RNA tissue specific NX	RNA cell line specificity	RNA cell line distribution	RNA cell line specificity score	RNA cell line specific NX	RNA cancer specificity	RNA cancer distribution	RNA cancer specificity score	RNA cancer specific FPKM	RNA brain regional specificity	RNA brain regional distribution	RNA brain regional specificity score	RNA brain regional specific NX	RNA blood cell specificity	RNA blood cell distribution	RNA blood cell specificity score	RNA blood cell specific NX	RNA blood lineage specificity	RNA blood lineage distribution	RNA blood lineage specificity score	RNA blood lineage specific NX	RNA mouse brain regional specificity	RNA mouse brain regional distribution	RNA mouse brain regional specificity score	RNA mouse brain regional specific pTPM	RNA pig brain regional specificity	RNA pig brain regional distribution	RNA pig brain regional specificity score	RNA pig brain regional specific pTPM	Antibody	Reliability (IH)	Reliability (Mouse Brain)	Reliability (IF)	Subcellular location	Secretome location	Blood concentration - Conc. blood IM [pg/L]	Blood concentration - Conc. blood MS [pg/L]	Subcellular main location	Subcellular additional location	Antibody RRID	Pathology prognostics - Breast cancer	Pathology prognostics - Cervical cancer	Pathology prognostics - Colorectal cancer	Pathology prognostics - Endometrial cancer	Pathology prognostics - Glioma	Pathology prognostics - Head and neck cancer	Pathology prognostics - Liver cancer	Pathology prognostics - Lung cancer	Pathology prognostics - Melanoma	Pathology prognostics - Ovarian cancer	Pathology prognostics - Pancreatic cancer	Pathology prognostics - Prostate cancer	Pathology prognostics - Renal cancer	Pathology prognostics - Stomach cancer	Pathology prognostics - Testis cancer	Pathology prognostics - Thyroid cancer	Pathology prognostics - Urothelial cancer	Tissue RNA - adipose tissue [NX]	Tissue RNA - adrenal gland [NX]	Tissue RNA - amygdala [NX]	Tissue RNA - appendix [NX]	Tissue RNA - basal ganglia [NX]	Tissue RNA - bone marrow [NX]	Tissue RNA - breast [NX]	Tissue RNA - cerebellum [NX]	Tissue RNA - cerebral cortex [NX]	Tissue RNA - cervix, uterine [NX]	Tissue RNA - colon [NX]	Tissue RNA - corpus callosum [NX]	Tissue RNA - ductus deferens [NX]	Tissue RNA - duodenum [NX]	Tissue RNA - endometrium 1 [NX]	Tissue RNA - epididymis [NX]	Tissue RNA - esophagus [NX]	Tissue RNA - fallopian tube [NX]	Tissue RNA - gallbladder [NX]	Tissue RNA - heart muscle [NX]	Tissue RNA - hippocampal formation [NX]	Tissue RNA - hypothalamus [NX]	Tissue RNA - kidney [NX]	Tissue RNA - liver [NX]	Tissue RNA - lung [NX]	Tissue RNA - lymph node [NX]	Tissue RNA - midbrain [NX]	Tissue RNA - olfactory region [NX]	Tissue RNA - ovary [NX]	Tissue RNA - pancreas [NX]	Tissue RNA - parathyroid gland [NX]	Tissue RNA - pituitary gland [NX]	Tissue RNA - placenta [NX]	Tissue RNA - pons and medulla [NX]	Tissue RNA - prostate [NX]	Tissue RNA - rectum [NX]	Tissue RNA - retina [NX]	Tissue RNA - salivary gland [NX]	Tissue RNA - seminal vesicle [NX]	Tissue RNA - skeletal muscle [NX]	Tissue RNA - skin 1 [NX]	Tissue RNA - small intestine [NX]	Tissue RNA - smooth muscle [NX]	Tissue RNA - spinal cord [NX]	Tissue RNA - spleen [NX]	Tissue RNA - stomach 1 [NX]	Tissue RNA - testis [NX]	Tissue RNA - thalamus [NX]	Tissue RNA - thymus [NX]	Tissue RNA - thyroid gland [NX]	Tissue RNA - tongue [NX]	Tissue RNA - tonsil [NX]	Tissue RNA - urinary bladder [NX]	Tissue RNA - vagina [NX]	Tissue RNA - B-cells [NX]	Tissue RNA - dendritic cells [NX]	Tissue RNA - granulocytes [NX]	Tissue RNA - monocytes [NX]	Tissue RNA - NK-cells [NX]	Tissue RNA - T-cells [NX]	Tissue RNA - total PBMC [NX]	Cell RNA - A-431 [NX]	Cell RNA - A549 [NX]	Cell RNA - AF22 [NX]	Cell RNA - AN3-CA [NX]	Cell RNA - ASC diff [NX]	Cell RNA - ASC TERT1 [NX]	Cell RNA - BEWO [NX]	Cell RNA - BJ [NX]	Cell RNA - BJ hTERT+ [NX]	Cell RNA - BJ hTERT+ SV40 Large T+ [NX]	Cell RNA - BJ hTERT+ SV40 Large T+ RasG12V [NX]	Cell RNA - CACO-2 [NX]	Cell RNA - CAPAN-2 [NX]	Cell RNA - Daudi [NX]	Cell RNA - EFO-21 [NX]	Cell RNA - fHDF/TERT166 [NX]	Cell RNA - HaCaT [NX]	Cell RNA - HAP1 [NX]	Cell RNA - HBEC3-KT [NX]	Cell RNA - HBF TERT88 [NX]	Cell RNA - HDLM-2 [NX]	Cell RNA - HEK 293 [NX]	Cell RNA - HEL [NX]	Cell RNA - HeLa [NX]	Cell RNA - Hep G2 [NX]	Cell RNA - HHSteC [NX]	Cell RNA - HL-60 [NX]	Cell RNA - HMC-1 [NX]	Cell RNA - HSkMC [NX]	Cell RNA - hTCEpi [NX]	Cell RNA - hTEC/SVTERT24-B [NX]	Cell RNA - hTERT-HME1 [NX]	Cell RNA - HUVEC TERT2 [NX]	Cell RNA - K-562 [NX]	Cell RNA - Karpas-707 [NX]	Cell RNA - LHCN-M2 [NX]	Cell RNA - MCF7 [NX]	Cell RNA - MOLT-4 [NX]	Cell RNA - NB-4 [NX]	Cell RNA - NTERA-2 [NX]	Cell RNA - PC-3 [NX]	Cell RNA - REH [NX]	Cell RNA - RH-30 [NX]	Cell RNA - RPMI-8226 [NX]	Cell RNA - RPTEC TERT1 [NX]	Cell RNA - RT4 [NX]	Cell RNA - SCLC-21H [NX]	Cell RNA - SH-SY5Y [NX]	Cell RNA - SiHa [NX]	Cell RNA - SK-BR-3 [NX]	Cell RNA - SK-MEL-30 [NX]	Cell RNA - T-47d [NX]	Cell RNA - THP-1 [NX]	Cell RNA - TIME [NX]	Cell RNA - U-138 MG [NX]	Cell RNA - U-2 OS [NX]	Cell RNA - U-2197 [NX]	Cell RNA - U-251 MG [NX]	Cell RNA - U-266/70 [NX]	Cell RNA - U-266/84 [NX]	Cell RNA - U-698 [NX]	Cell RNA - U-87 MG [NX]	Cell RNA - U-937 [NX]	Cell RNA - WM-115 [NX]	Blood RNA - basophil [NX]	Blood RNA - classical monocyte [NX]	Blood RNA - eosinophil [NX]	Blood RNA - gdT-cell [NX]	Blood RNA - intermediate monocyte [NX]	Blood RNA - MAIT T-cell [NX]	Blood RNA - memory B-cell [NX]	Blood RNA - memory CD4 T-cell [NX]	Blood RNA - memory CD8 T-cell [NX]	Blood RNA - myeloid DC [NX]	Blood RNA - naive B-cell [NX]	Blood RNA - naive CD4 T-cell [NX]	Blood RNA - naive CD8 T-cell [NX]	Blood RNA - neutrophil [NX]	Blood RNA - NK-cell [NX]	Blood RNA - non-classical monocyte [NX]	Blood RNA - plasmacytoid DC [NX]	Blood RNA - T-reg [NX]	Blood RNA - total PBMC [NX]	Brain RNA - amygdala [NX]	Brain RNA - basal ganglia [NX]	Brain RNA - cerebellum [NX]	Brain RNA - cerebral cortex [NX]	Brain RNA - hippocampal formation [NX]	Brain RNA - hypothalamus [NX]	Brain RNA - midbrain [NX]	Brain RNA - olfactory region [NX]	Brain RNA - pons and medulla [NX]	Brain RNA - thalamus [NX]
P02749	-8.357796e-01	0.1266385119	-1.4353931229	-0.7563222217	-1.1744094276	-1.2407907809	-0.4920926806	-1.4634036091	-1.8593395651	-6.821942e-01	-1.0515240078	-1.5897643426	-1.5046753399	-0.9826450302	-0.9326260109	-0.9639127997	-0.8516173824	-1.2588272249	-7.372593e-01	-0.9520407391	-0.7551926058	-1.1693805730	-0.8373793443	-1.3187750145	-1.3414685743	-0.6730634702	-0.7619933272	-1.2099594948	-1.4159783111	-1.883627e+00	-1.0347869793	-1.6262756371	-1.4806352158	-0.3685846497	-1.5214532254	-0.8784912111	-0.9848979835	-1.1419519934	-0.4262402771	-1.1839724104	-0.6744802952	-0.8502312129	-0.6305172344	-1.5676563832	-0.9209647711	-2.2260768570	-0.6024004819	-1.0272197914	-0.9049600824	-1.061041e+00	-1.5703324736	-0.9920901475	-0.3281491489	-0.5974509399	-1.2975074064	-1.5154083700	-1.0505924527	-1.4366434439	-1.022598e+00	-1.3689136453	-0.6163121758	-7.629603e-01	-1.2649241967	-7.326089e-01	-1.2077722249	-1.3268015492	-0.7392843245	-1.044674e+00	-0.1461221925	-1.4018218673	-1.6233458137	-4.727846e-01	-0.6264210521	-1.361975e+00	-8.153939e-01	-1.3071855968	-1.4087529680	-1.263776e+00	-0.3133050074	-1.5145182022	-0.2119374442	-0.9523342108	-0.2026059248	1.263831e-01	0.0476850176	0.0597449381	-0.0461478882	-9.674611e-01	1113	1.225582e-04	5.327179e-03	P02749	139	0.000122558130573939	0	B	C	APOH	B2G1, BG	ENSG00000091583	Apolipoprotein H	P02749	17	66212033-66256525	Candidate cardiovascular disease genes, Plasma proteins, Predicted intracellular proteins, Predicted secreted proteins		Heparin-binding		Evidence at protein level	Evidence at protein level	Evidence at protein level	Evidence at protein level	Evidence at protein level	Tissue enriched	Detected in some	 550	liver: 823.7	Cell line enriched	Detected in some	 20	Hep G2: 162.9	Cancer enriched	Detected in many	 232	liver cancer: 2878.9	Not detected	Not detected	NA		Low cell type specificity	Detected in some	NA		Low lineage specificity	Detected in many	NA		Low region specificity	Detected in many	NA		Low region specificity	Detected in all	NA		HPA001654, HPA003732, CAB022214	Enhanced		Supported	Golgi apparatus	Secreted to blood	 44000000000	 44000000000	Golgi apparatus		CAB022214: , HPA001654: AB_1078181, HPA003732: AB_1078183			unprognostic (2.11e-2)	unprognostic (1.87e-1)	unprognostic (1.28e-1)		prognostic favourable (2.39e-7)	unprognostic (1.26e-1)		unprognostic (5.99e-2)	unprognostic (2.88e-3)		prognostic unfavourable (1.10e-6)	unprognostic (1.26e-2)	unprognostic (5.76e-2)			  0.0	  0.0	  0.0	  0.1	  0.0	  0.0	  0.0	  0.0	  0.1	  0.0	  0.1	  0.1	  0.0	  0.0	  0.0	  0.2	  0.0	  0.0	  0.1	   0.0	  0.0	  0.0	  1.1	 823.7	  0.3	  0.0	  0.0	  0.0	  0.0	   0.7	  0.0	  0.0	  0.0	  0.1	  0.0	  0.0	  0.0	  0.1	  0.0	   0.1	 0.0	  0.1	  0.0	   0.0	  0.3	  0.1	  0.1	  0.0	 0.0	  0.1	  0.0	  0.0	  0.1	  0.1	  1.4	  0.7	   0.9	  1.3	  1.0	 1.3	  0.2	  0.0	  4.4	  0.0	 0.0	  0.0	  0.0	  0.0	  0.0	  0.0	 0.0	  0.0	  8.0	  0.0	 0.1	  0.0	  0.0	  0.1	 0.0	  0.0	  0.0	  0.0	  0.0	 0.2	  0.1	162.9	  0.0	  0.8	  0.1	  0.0	  0.0	  0.0	  0.0	  0.0	 0.1	 0.0	  0.0	 0.0	 0.0	  0.0	 0.0	  0.0	 0.1	  0.9	  0.0	  0.0	  0.1	 0.0	  0.0	  0.4	  0.0	  0.0	  0.0	  0.0	  0.2	  0.0	  0.0	 0.0	  0.0	  0.1	  0.0	 0.4	  2.1	 0.3	  0.0	  0.0	  1.3	  0.4	 1.3	  0.5	 1.3	  0.8	 0.8	 0.6	  0.7	  1.4	 0.9	 0.8	   0.9	  1.0	  0.4	  0.5	 0.7	  0.2	  0.0	  0.0	  0.0	  0.1	  0.0	  0.0	  0.0	  0.0	  0.1	  0.0
P04004	7.655988e-01	-0.5473574958	-1.0984360469	0.9108761542	-0.4101765340	-0.1492303858	0.1440137902	-0.5988270593	-0.6950667726	-4.941693e-01	-1.1300021879	-1.4087039473	-0.3523317917	0.1596566437	-1.2776362928	-1.3779882081	-0.3858213013	-0.4455726009	-3.743368e-02	0.0224672460	-0.8359957842	-1.0480322128	-0.7666361550	-1.0996546145	-0.3420408937	0.0468044959	1.3348065932	-0.2886673955	-0.9491957814	-6.960199e-01	-0.0023324991	-0.7430372602	-0.2998960839	0.2796701168	-0.4193503538	0.2619394557	-0.5936397751	-0.5702038154	0.7577122189	-0.5889750989	-0.0429661508	-0.1297204962	-0.0710457070	-0.9437357574	-0.2122685572	-1.1473482922	0.4111029672	-0.3101546130	-0.1235416969	-2.260375e-01	-1.0884762866	0.4697984349	-0.2987721409	0.6707605246	-0.3979322720	-1.3477401147	-0.1654709930	-0.7738933657	-1.546964e+00	-0.9852622979	0.6828449976	-1.641655e+00	-0.4281335353	2.019334e-01	-0.7805647279	-0.3905948732	-0.9614166497	-3.479594e-01	1.2953501092	-0.2451193557	0.0252922382	-5.695466e-01	0.9764167562	-4.759560e-01	-2.022044e-01	-0.4682298338	-0.8448066551	-6.398123e-01	1.4730848055	-1.3010883224	1.4389478386	0.1443556901	1.1795070389	6.558919e-01	0.2453403883	0.9542895745	-0.0519969902	2.438384e-03	1143	8.913494e-03	6.023909e-03	P04004	142	0.00891349358010823	0	B	C	VTN	VN	ENSG00000109072	Vitronectin	P04004	17	28367276-28373091	Cancer-related genes, Candidate cardiovascular disease genes, Plasma proteins, Predicted secreted proteins	Cell adhesion	Heparin-binding	Cancer-related genes	Evidence at protein level	Evidence at protein level	Evidence at protein level	Evidence at protein level	Evidence at protein level	Tissue enriched	Detected in some	  42	liver: 321.7	Cell line enriched	Detected in some	 11	CACO-2: 164.9	Cancer enriched	Detected in many	  85	liver cancer: 2216.6			NA		Cell type enhanced	Detected in some	NA	naive CD8 T-cell: 2.1	Low lineage specificity	Detected in single	NA		Low region specificity	Detected in all	NA		Low region specificity	Detected in all	NA		CAB016695, CAB016765, HPA060933	Supported		Supported	Endoplasmic reticulum,Vesicles	Secreted to blood	 32000000000	 32000000000	Endoplasmic reticulum, Vesicles		CAB016695: AB_1624536, CAB016765: , HPA060933: 	unprognostic (1.19e-1)	unprognostic (2.12e-1)	unprognostic (2.29e-2)	unprognostic (6.13e-2)	unprognostic (9.74e-2)	unprognostic (8.42e-2)	prognostic favourable (3.74e-4)	unprognostic (6.20e-2)	unprognostic (3.97e-1)	unprognostic (8.95e-2)	unprognostic (3.24e-3)	unprognostic (1.01e-2)	prognostic unfavourable (4.10e-11)	unprognostic (8.82e-3)	unprognostic (2.27e-1)	unprognostic (4.86e-3)	unprognostic (7.09e-2)	  0.2	  7.6	  0.0	  0.0	  0.0	  0.0	  0.0	  0.7	  0.0	  0.0	  0.0	NA	NA	  0.0	  0.0	  0.0	  0.0	  0.0	  3.6	   2.2	  0.0	  0.0	  0.0	 321.7	  0.0	  0.0	  0.0	NA	  0.0	   0.6	  0.0	  0.0	  2.0	NA	  0.0	  0.0	NA	  0.0	  0.0	   0.0	 0.0	  0.0	  0.0	   0.0	  0.1	  0.1	  0.4	NA	NA	  0.0	NA	  0.0	  0.0	  0.0	  0.3	  0.2	   0.6	  0.2	  0.7	 2.1	  0.1	  0.0	  2.9	  0.0	 0.0	  0.0	  0.0	  0.7	  0.2	  0.1	 0.1	  0.0	164.9	  0.0	 0.1	  0.0	  0.0	  0.0	 0.0	  0.0	  0.0	  0.0	  0.0	 0.1	  0.1	  8.5	  0.2	  0.7	  0.0	  0.0	  0.0	  0.0	  0.0	  0.0	 0.2	 0.0	  0.0	 0.0	 0.0	  0.0	 0.0	  0.0	 0.0	  0.3	  0.0	  0.0	  0.0	 0.1	  0.1	 15.1	  0.9	  0.0	  0.0	  0.0	  0.1	  0.0	  0.0	 0.0	  0.0	  0.1	  0.0	 0.1	  0.0	 0.1	  0.0	  0.0	  0.2	  0.0	 1.0	  0.0	 0.9	  0.0	 0.9	 0.9	  0.1	  0.3	 0.6	 2.1	   0.6	  0.7	  0.0	  0.2	 0.0	  0.1	NA	NA	NA	NA	NA	NA	NA	NA	NA	NA
P04275	-1.533389e+00	-1.5063911128	-1.0602380609	-1.1367959822	-0.4426604610	-1.3141049126	-1.2229548863	-1.6446813661	-1.1394155463	-1.996609e+00	-1.4173779251	-1.6374779358	-1.1633486096	-1.7439967008	-1.2538379408	-1.4174275672	-1.1685099893	-0.8367689859	-1.479756e+00	-1.8266235403	-1.2705851867	-1.2948281819	-1.1516419877	-1.1696224595	-1.3324184384	-0.9750736853	-1.2245247461	-0.4440730932	-0.7899840581	-1.761877e+00	-1.5192306910	-1.5367561671	0.0544498462	-0.8605905952	-0.4682897130	-0.8709218811	-0.7900094900	-1.3363623381	-0.8581672471	-1.0678500515	-0.0967905662	-0.2414266703	-0.8972975941	-0.5922243307	-0.0541886855	-1.1409677315	-0.3682319572	-1.6790589430	-0.6593506544	-1.578072e+00	-1.2658754631	-1.0924722053	-0.3987890968	0.0728232505	-0.9376109349	-1.3898352615	-1.2903302555	-1.2975950538	-9.616754e-01	-1.1783725091	-0.6031211870	-1.029703e+00	-1.4051070485	-8.840030e-01	-0.9380859910	-0.6955870788	-1.4795328095	-1.609679e+00	-0.6162413196	-0.7197095216	-1.0704470560	-5.655810e-01	-1.0752290095	-7.265568e-01	-1.242191e+00	-1.7468133864	-1.2281520102	-1.257174e+00	-1.4832380740	-1.3062014512	-1.0883554333	0.0381142536	-1.0356889040	-1.837818e+00	-0.7223184489	-1.2573158087	-1.2579534905	-7.352801e-01	1170	5.010298e-03	6.240744e-03	P04275	145	0.00501029495412522	A	0	0	VWF	F8VWF	ENSG00000110799	Von Willebrand factor	P04275	12	5948874-6124770	Cancer-related genes, Candidate cardiovascular disease genes, Disease related genes, FDA approved drug targets, Plasma proteins, Predicted secreted proteins	Blood coagulation, Cell adhesion, Hemostasis		Cancer-related genes, Disease mutation, FDA approved drug targets, von Willebrand disease	Evidence at protein level	Evidence at protein level	Evidence at protein level	Evidence at protein level	Evidence at protein level	Tissue enhanced	Detected in many	NA	adipose tissue: 91.7	Cell line enriched	Detected in some	 57	HUVEC TERT2: 111.0	Low cancer specificity	Detected in all	NA		Low region specificity	Detected in all	NA		Cell type enhanced	Detected in single	NA	neutrophil: 1.3	Lineage enhanced	Detected in single	NA	granulocytes: 1.3	Low region specificity	Detected in many	NA		Low region specificity	Detected in all	NA		CAB001694, HPA001815, HPA002082, CAB072874, CAB072875	Supported				Secreted to blood	  6400000000	  6400000000			CAB001694: , CAB072874: , CAB072875: , HPA001815: AB_1080574, HPA002082: AB_1080575	unprognostic (3.66e-1)	unprognostic (1.11e-1)	unprognostic (1.46e-2)	unprognostic (2.27e-1)	unprognostic (1.43e-1)	unprognostic (2.91e-3)	unprognostic (7.09e-2)	unprognostic (4.63e-1)	unprognostic (5.63e-2)	unprognostic (3.92e-2)	unprognostic (4.69e-1)	unprognostic (1.12e-1)	unprognostic (2.98e-2)	prognostic unfavourable (2.31e-4)	unprognostic (1.55e-1)	unprognostic (3.12e-1)	unprognostic (2.73e-3)	 91.7	  3.1	  6.1	  9.7	  8.1	  0.8	 41.5	  3.7	  8.6	 19.7	 13.9	  7.3	  6.8	  6.6	 21.5	 16.7	 14.4	 15.1	 15.3	  38.7	  7.4	  5.0	  4.6	   1.5	 41.2	  9.9	  9.4	  7.1	 13.6	   5.8	 17.7	  2.6	 36.4	 10.2	 18.7	  5.1	 26.3	  7.2	 10.5	  28.9	 8.1	 11.8	 22.1	   7.4	 19.0	  9.6	 12.7	  5.9	 1.8	 18.6	 13.2	  6.5	 18.9	 35.0	  0.0	  0.0	   1.3	  0.3	  0.0	 0.0	  1.8	  0.0	  0.0	  0.0	 0.0	  0.1	  0.1	  0.1	  0.0	  0.1	 0.0	  0.0	  0.0	  0.0	 0.0	  0.2	  0.0	  0.2	 0.0	  0.0	  0.0	  0.0	  0.0	 0.0	  0.0	  0.0	  0.0	  0.0	  0.0	  0.0	  0.0	  0.1	  0.0	111.0	 0.0	 0.0	  0.0	 0.1	 0.0	  0.0	 0.0	  0.0	 0.0	  0.0	  0.0	  0.0	  0.3	 0.0	  0.0	  0.0	  0.0	  0.1	  0.0	  0.0	  1.9	  0.0	  0.0	 0.0	  0.0	  0.0	  0.0	 0.0	  0.0	 0.0	  0.0	  0.0	  0.3	  0.4	 0.0	  0.0	 0.0	  0.0	 0.0	 0.0	  0.0	  0.0	 0.0	 0.0	   1.3	  0.0	  0.0	  0.0	 0.0	  1.8	  6.1	  8.1	  3.7	  8.6	  7.4	  5.0	  9.4	  7.1	 10.2	  5.9
P05362	-8.175100e-01	-0.0633828410	-0.6183097978	-0.9100025387	-1.0743174966	-1.0691831871	-1.1182231672	-0.1462894088	-0.1272867647	-9.985479e-01	-0.1034450674	-0.6250999289	-0.2806370584	-0.8118362545	-0.8428626433	-0.9188774290	-1.0168859970	-0.1560334570	-1.195316e+00	-0.8926720153	-0.9338668721	-0.9723944345	-0.6621848395	-1.0166389308	-0.9455497781	-0.6040727819	-1.1750797553	-0.9832564046	-1.0611130451	-8.323317e-01	-0.6966091202	-0.5370079809	-0.9957090041	-1.2100270887	-0.6964580074	-0.9693659031	-0.2957943783	-0.6054029868	-1.3780176192	-1.1462621309	-1.1284086719	-0.9875109329	-1.2754968937	-0.9937305442	-0.7349954010	-0.6662115720	-0.7340049888	-0.8243248415	-1.2875091812	-8.000777e-01	-0.5442784703	-0.7566075198	-1.0882831116	-1.2289584052	-0.9812401735	-0.9217210761	-1.2036224646	-0.2382543428	-1.542502e+00	-1.1983526514	-0.9374238054	-1.297719e+00	-0.8926129667	-1.238532e+00	-1.0516304293	-1.0050576893	-0.8662709465	-1.118561e+00	-1.1621430599	-1.0605262314	-0.3138728606	-9.427669e-01	-1.3974156397	-1.120703e+00	-1.052590e+00	-0.7118941827	-1.4626607423	-7.560338e-01	-0.8890048281	-0.9709354276	-1.2106626310	-0.5071319827	-0.8301323434	-5.892541e-01	-1.0488298108	-0.4814076513	-1.2164916060	-1.427597e+00	1208	7.143316e-03	2.660914e-02	P05362	148	0.00714330950681233	A	0	0	ICAM1	BB2, CD54	ENSG00000090339	Intercellular adhesion molecule 1	P05362	19	10270835-10286615	Cancer-related genes, Candidate cardiovascular disease genes, CD markers, FDA approved drug targets, Plasma proteins, Predicted intracellular proteins, Predicted membrane proteins	Cell adhesion, Host-virus interaction	Host cell receptor for virus entry, Receptor	Cancer-related genes, FDA approved drug targets	Evidence at protein level	Evidence at protein level	Evidence at protein level	Evidence at protein level	Evidence at protein level	Tissue enhanced	Detected in all	NA	liver: 68.3;lung: 91.3	Cell line enhanced	Detected in many	NA	HHSteC: 31.1;Karpas-707: 88.5	Low cancer specificity	Detected in all	NA		Low region specificity	Detected in all	NA		Low cell type specificity	Detected in many	NA		Low lineage specificity	Detected in all	NA		Low region specificity	Detected in all	NA		Low region specificity	Detected in many	NA		HPA002126, CAB002142, HPA004877	Enhanced		Uncertain	Plasma membrane,Cytosol		  3100000000	  3100000000	Plasma membrane, Cytosol		CAB002142: AB_563596, HPA002126: AB_1078470, HPA004877: AB_1846317	prognostic favourable (7.09e-4)	unprognostic (1.88e-1)	unprognostic (1.94e-1)	unprognostic (2.63e-2)	unprognostic (3.25e-3)	unprognostic (3.05e-1)	unprognostic (1.45e-2)	unprognostic (3.48e-1)	unprognostic (3.18e-2)	unprognostic (1.09e-2)	unprognostic (1.49e-2)	unprognostic (1.79e-1)	prognostic unfavourable (1.32e-6)	unprognostic (2.77e-1)	unprognostic (2.16e-2)	unprognostic (2.25e-1)	unprognostic (3.70e-3)	 26.1	  8.6	  4.0	 41.0	  4.1	 36.5	 15.0	  1.0	  4.5	  5.6	 10.0	  2.7	  1.6	  6.1	  8.5	  7.7	  7.9	 10.7	 19.8	  16.3	  2.6	  2.1	 10.9	  68.3	 91.3	 32.8	  5.4	  1.7	 12.4	   7.2	  2.5	  4.0	  9.3	  6.8	 10.4	  6.6	 10.6	  7.2	  3.6	  13.9	 6.9	  7.9	  8.0	   7.8	 42.2	  7.3	  6.5	  3.6	 8.3	 11.6	 13.7	 13.4	 14.8	 17.1	  2.2	 13.3	  22.2	 14.2	  7.9	 5.6	  8.9	  8.2	  0.1	  1.5	 0.0	  0.4	  0.9	  2.1	  1.7	 18.5	 4.1	 12.5	  2.7	  9.3	 7.6	 25.8	  0.7	  1.7	 0.3	  0.0	  8.7	 22.7	  0.0	 0.7	  0.2	 11.3	 31.1	  0.2	  4.5	 10.9	  0.7	  2.6	  4.0	  2.1	 2.8	88.5	  0.3	 0.6	 0.1	  6.4	 0.5	  4.7	 0.2	  0.0	 28.1	  7.0	  0.0	 0.0	  0.2	 11.4	  0.6	 18.1	  1.4	  0.5	  6.4	  4.2	  0.4	 2.3	  0.1	 27.0	 27.8	 4.7	  6.8	 4.9	  6.2	  2.2	 13.9	  2.6	 3.0	 14.2	 5.6	  2.2	 2.4	 3.6	 13.3	  0.9	 1.0	 2.2	  22.2	  7.9	  7.9	  7.5	 3.4	  8.9	  4.0	  4.1	  1.0	  4.5	  2.6	  2.1	  5.4	  1.7	  6.8	  3.6
P07225	-4.347194e-01	0.2053010603	-1.1880713783	-0.7795747321	-1.2417691545	-1.1830549724	-0.4833792297	-1.6887105314	-1.2936646144	-4.378601e-01	-0.8006490715	-1.0469984599	-1.1816213198	-0.4699830431	-0.9128919133	-1.0620304607	-0.3823985209	-1.4370193174	-5.610423e-01	-1.0225442207	-0.7535907607	-0.7121074169	-0.5524081074	-0.9879300694	-1.3561083676	-0.4987139008	0.1317659924	-0.6332314492	-1.0412599642	-1.658048e+00	-0.8738540441	-1.4599128380	-0.9559419695	-0.5347903223	-1.6980268459	-0.8197974072	-0.7513878468	-0.9932344977	-0.9888701635	0.0349806910	-0.4455056607	-1.4204677138	-0.4806364332	-1.3618867737	-0.6092453585	-1.5316811426	-0.2306678243	-0.8357915345	-1.0822342560	-1.203116e+00	-1.4727737482	-1.1526413925	0.0225519791	-0.8778572565	-1.4977269931	-0.7442572995	-0.9224870369	-1.4319438952	-6.649790e-01	-0.4933684189	-0.8765795081	-8.552607e-01	-1.2100010015	-5.333103e-01	-1.1098222637	-1.2451713040	-0.6291007334	-1.018559e+00	-0.6434205738	-0.4707004841	-1.8441941203	-1.111361e+00	-0.2314462008	-1.192720e+00	-1.968529e-01	-1.2021363990	-1.1536576897	-1.235794e+00	-0.5242372466	-1.0768179202	-0.3619927072	-0.2414346943	0.4532432598	-6.606848e-01	-0.1027240566	-0.0244360069	0.1892240705	-1.269361e+00	1263	2.034945e-03	2.388879e-02	P07225	155	0.00203494553256938	0	B	C	PROS1	PROS	ENSG00000184500	Protein S	P07225	3	93873033-93974066	Candidate cardiovascular disease genes, Disease related genes, FDA approved drug targets, Plasma proteins, Predicted intracellular proteins, Predicted membrane proteins, Predicted secreted proteins	Blood coagulation, Fibrinolysis, Hemostasis		Disease mutation, FDA approved drug targets, Thrombophilia	Evidence at protein level	Evidence at transcript level	Evidence at protein level	Evidence at protein level	Evidence at protein level	Tissue enhanced	Detected in many	NA	liver: 114.6	Cell line enhanced	Detected in many	NA	ASC diff: 42.5;ASC TERT1: 31.6;HSkMC: 28.6;SK-MEL-30: 45.8	Low cancer specificity	Detected in all	NA		Region enriched	Detected in many	 6	pons and medulla: 24.2	Cell type enhanced	Detected in single	NA	neutrophil: 1.9	Low lineage specificity	Detected in single	NA		Low region specificity	Detected in all	NA		Low region specificity	Detected in many	NA		HPA007724, HPA023974	Approved				Secreted to blood	  3400000000	  3400000000			HPA007724: AB_1079688, HPA023974: AB_1855738	unprognostic (2.00e-2)	unprognostic (2.81e-2)	unprognostic (9.21e-2)	unprognostic (8.03e-3)	unprognostic (3.35e-2)	unprognostic (2.41e-1)	unprognostic (6.48e-2)	unprognostic (3.07e-1)	unprognostic (5.18e-2)	unprognostic (3.12e-1)	unprognostic (1.10e-1)	unprognostic (1.91e-1)	unprognostic (1.10e-1)	prognostic unfavourable (8.35e-4)	unprognostic (4.90e-2)	unprognostic (1.05e-2)	prognostic unfavourable (4.42e-5)	 16.0	  3.9	  2.5	  3.8	  3.8	  0.1	 15.5	  0.8	  2.8	  7.4	  8.0	  4.1	  2.8	  3.9	  7.6	  9.5	 10.9	  8.5	 11.3	  30.2	  4.0	  3.1	 17.6	 114.6	 17.3	 13.7	  4.3	  1.8	 23.9	   2.7	 10.1	  6.2	 10.2	 24.2	  6.8	  8.5	  9.3	  5.6	  4.3	   5.6	 8.5	  6.5	  8.3	   4.8	  8.8	  4.9	  5.5	  2.2	 0.1	 10.6	  6.9	  3.3	  8.0	  9.5	  0.0	  0.8	   1.9	  0.8	  0.1	 0.4	  6.8	  0.3	  2.4	  2.5	10.2	 42.5	 31.6	  0.8	  1.5	  3.5	 0.8	  3.1	  6.0	  0.9	 0.2	  9.3	  2.3	  0.1	 0.8	  0.6	  1.1	  0.1	  2.7	16.5	  1.1	 16.9	  3.6	  0.6	  0.8	 28.6	  0.6	  1.8	  0.6	  3.5	11.4	 0.2	 16.5	 0.2	 0.1	  0.0	 2.0	  2.4	 0.3	  2.0	  0.0	  9.0	  0.0	 3.8	  7.0	  1.8	  0.0	 45.8	  0.1	  8.0	  3.0	  6.8	  1.5	 3.7	  0.8	  0.0	  0.1	 0.0	 21.0	10.5	  9.8	  0.0	  0.8	  0.7	 0.1	  0.6	 0.0	  0.0	 0.0	 0.0	  0.8	  0.0	 0.4	 0.0	   1.9	  0.1	  0.2	  0.0	 0.2	  6.8	  2.5	  3.8	  0.8	  2.8	  4.0	  3.1	  4.3	  1.8	 24.2	  2.2
P07996	1.299899e+00	1.5664438628	-0.0265877787	0.8151022851	0.0337995192	-0.6755535098	-1.2876337410	-0.6042047941	-0.4743596685	3.635516e+00	-0.5749023165	1.8384127354	-0.5459917405	1.3786619453	0.7736443504	0.6110779247	1.1324232975	-1.7258490261	1.654419e+00	-0.2201640223	0.4552959767	1.2383252950	0.4518804809	-0.6121889013	0.7407603492	-0.0098617249	1.9030045337	-0.4556717249	-0.2395432347	-7.153575e-01	1.2677979837	-1.3607161427	-1.2312220996	0.6074920022	-1.1961240240	0.1241935049	0.1650030223	-1.0860491617	-0.9730591784	-0.0446596358	0.2195822461	-2.3094464106	0.2604525924	-1.4702064908	-0.3744615259	-1.0050112246	-0.1531577897	-0.3664021830	-0.7659490870	-6.620402e-01	-0.0158150337	-0.7724538163	0.6898078248	-0.5540631922	-1.2829214095	-0.2523884416	-0.0026852201	-0.6602721780	-5.420656e-01	1.2902446446	0.0179534937	6.351164e-02	0.2967780212	2.006102e-02	-0.1299497892	-0.1371162446	2.9514380492	8.091963e-02	0.2437143925	-0.3630497415	-1.9733763085	-8.332067e-01	-0.1108400100	8.323512e-01	8.287698e-01	-0.2026356793	-0.3176993942	1.029716e+00	1.9523708962	-0.2379033528	-0.1201767263	0.5754042272	2.5409061997	-1.005257e-01	-0.2850480710	1.0568407411	3.1836892336	-1.626174e-01	1299	6.141637e-03	2.322679e-02	P07996	161	0.00614163831784714	0	0	C	THBS1	THBS, THBS-1, TSP, TSP-1, TSP1	ENSG00000137801	Thrombospondin 1	P07996	15	39581079-39599466	Cancer-related genes, Candidate cardiovascular disease genes, Plasma proteins, Predicted secreted proteins	Cell adhesion, Unfolded protein response	Heparin-binding	Cancer-related genes	Evidence at protein level	Evidence at transcript level	Evidence at protein level	Evidence at protein level	Evidence at protein level	Low tissue specificity	Detected in all	NA		Cell line enhanced	Detected in many	NA	fHDF/TERT166: 162.1;HUVEC TERT2: 157.6;LHCN-M2: 117.7;TIME: 229.8	Low cancer specificity	Detected in all	NA		Group enriched	Detected in many	 5	basal ganglia: 3.4;pons and medulla: 8.1	Cell type enhanced	Detected in some	NA	eosinophil: 14.1	Low lineage specificity	Detected in many	NA		Low region specificity	Detected in many	NA		Low region specificity	Detected in single	NA		CAB033678, HPA059756	Approved		Approved	Plasma membrane	Secreted to extracellular matrix	  1600000000	  1600000000	Plasma membrane		CAB033678: AB_793044, HPA059756: 	unprognostic (1.72e-2)	unprognostic (9.55e-3)	unprognostic (7.49e-2)	unprognostic (3.31e-1)	unprognostic (4.34e-2)	unprognostic (1.03e-3)	unprognostic (3.60e-1)	unprognostic (1.53e-2)	unprognostic (1.22e-1)	unprognostic (2.07e-1)	unprognostic (6.40e-2)	unprognostic (9.16e-2)	prognostic unfavourable (8.47e-5)	prognostic unfavourable (8.50e-4)	unprognostic (1.00e-1)	unprognostic (9.25e-3)	unprognostic (1.48e-3)	 79.6	 15.2	  0.9	 81.4	  3.4	 19.3	 41.0	  0.7	  1.3	 25.7	 42.7	  2.5	  6.6	  5.0	 72.8	 30.5	 22.7	 40.8	 57.7	  49.0	  1.0	  1.0	 23.4	  27.2	118.4	 38.8	  1.1	  0.8	 60.9	  14.0	  1.3	  7.7	 38.1	  8.1	 31.9	 18.3	  8.4	 38.0	 13.2	  22.6	 9.2	 23.0	 63.5	   4.5	 58.0	 46.5	 27.5	  0.2	 0.6	 14.0	 21.4	 18.4	111.8	 78.9	  0.0	  0.5	  14.1	  7.4	  7.5	 2.6	  8.6	 11.5	  3.9	  3.1	 1.1	 13.1	 15.4	  0.0	 67.0	 54.8	18.4	 12.1	 11.4	  8.7	 0.0	 25.3	162.1	 41.2	 0.1	 32.7	  9.3	  3.0	  0.0	 2.9	  2.3	  2.9	  2.9	  0.0	  0.8	 34.5	  2.4	 15.3	 34.5	157.6	 0.0	 0.1	117.7	 0.8	 0.0	  0.2	 0.5	  1.4	 0.0	  8.1	  0.0	 27.6	 29.4	 0.0	  0.0	 19.0	  1.0	  1.1	 11.7	  0.2	229.8	 64.5	 15.3	75.9	 76.9	  0.1	  0.1	 0.1	  2.1	 0.0	 68.9	  0.2	  7.4	 14.1	 0.8	  0.8	 2.6	  0.0	 0.4	 0.5	  0.5	  0.0	 0.1	 0.1	   1.4	  7.5	  0.1	  0.3	 0.0	  8.6	  0.9	  3.4	  0.7	  1.0	  1.0	  1.0	  1.1	  0.8	  8.1	  0.2
P08519	-8.668894e-01	-0.4834501578	-1.6866045757	-0.8252170870	-1.3463970186	-1.1520838450	-0.0713628410	-1.7210883767	-1.8276134395	-6.976988e-01	-1.3439196884	-1.3206726461	-1.1413522435	-0.3647245672	-1.1687427365	-1.3818980502	0.6403940363	-1.5255903544	-1.012384e+00	-0.3038806992	-1.5736512453	-0.6517324648	-1.6934352560	-1.0045628983	-2.2693471946	-0.7984641851	-0.1301614237	-1.7232440335	-0.8078027271	-1.268343e+00	-1.0502268533	-1.8850358694	-1.4076087475	-0.9834689654	-1.1502315791	-0.9996232779	-0.6243473136	-1.7138453432	-1.2477041289	-0.5779745323	-1.2242048402	-0.9799447556	-1.1312125396	-1.7904000719	-1.2021405486	-0.7769505008	-0.3728700086	-0.8803211932	-1.3283359426	-1.561753e+00	-1.2499953324	-1.4399576257	-1.3508064286	-0.5992598627	-1.3661639745	-0.8170639353	-0.9241714792	-0.7176375131	-1.619542e+00	-0.3830166577	-1.9591667657	-8.946560e-01	-1.3255213823	-1.243881e+00	-1.1494302333	-1.3630037605	-1.3349934637	-1.285162e+00	-0.7919419015	-0.4373999997	-0.4109716508	-6.992905e-02	-0.7689021835	-1.061264e+00	-6.476526e-01	-1.3319440563	-1.4087529680	-9.543344e-01	-1.0809508611	-0.5957557791	-1.7417366056	-0.4721469508	-0.5223916863	-3.290503e-01	-0.0493118096	0.1740910412	-0.6709802288	-1.033937e+00	1325	4.538165e-03	7.617733e-03	P08519	166	0.00453816538709275	0	B	C	LPA	LP, Lp(a)	ENSG00000198670	Lipoprotein(a)	P08519	6	160531483-160664259	Candidate cardiovascular disease genes, Enzymes, Plasma proteins, Predicted intracellular proteins, Predicted secreted proteins	Lipid transport, Transport	Hydrolase, Protease, Serine protease	Atherosclerosis	Evidence at protein level	Evidence at protein level	Evidence at protein level	Evidence at protein level	Evidence at protein level	Tissue enriched	Detected in single	  71	liver: 43.4	Cell line enriched	Detected in single	  6	RT4: 4.6	Cancer enriched	Detected in single	  38	liver cancer: 3.6	Not detected	Not detected	NA		Not detected	Not detected	NA		Not detected	Not detected	NA				NA				NA		CAB016072, HPA060604	Supported				Secreted to blood	  2900000000	  2900000000			CAB016072: AB_2135240, HPA060604: 		unprognostic (2.16e-1)	unprognostic (5.10e-1)	unprognostic (7.75e-3)	unprognostic (6.70e-2)	unprognostic (1.60e-1)	unprognostic (4.17e-3)	unprognostic (1.59e-1)		unprognostic (6.38e-3)	unprognostic (3.63e-2)	unprognostic (3.18e-1)	unprognostic (7.45e-3)	unprognostic (2.56e-1)	unprognostic (1.80e-1)	unprognostic (1.34e-1)	unprognostic (3.72e-2)	  0.1	  0.0	  0.1	  0.1	  0.1	  0.0	  0.1	  0.1	  0.1	  0.1	  0.1	  0.1	  0.1	  0.0	  0.1	  0.1	  0.1	  0.3	  0.1	   0.1	  0.1	  0.2	  0.2	  43.4	  0.1	  0.1	  0.1	  0.1	  0.1	   0.2	  0.0	  0.1	  0.1	  0.1	  0.2	  0.0	  0.1	  0.1	  0.6	   0.1	 0.0	  0.1	  0.1	   0.1	  0.1	  0.0	  0.2	  0.1	 0.1	  0.1	  0.1	  0.1	  0.3	  0.1	  0.0	  0.0	   0.0	  0.0	  0.0	 0.4	  0.0	  0.0	  0.0	  0.0	 0.0	  0.0	  0.0	  0.0	  0.0	  0.0	 0.0	  0.0	  0.0	  0.0	 0.6	  0.0	  0.0	  0.0	 0.0	  0.0	  0.0	  0.0	  0.0	 0.6	  0.0	  0.0	  0.0	  0.1	  0.0	  0.0	  0.0	  0.0	  0.0	  0.0	 0.1	 0.0	  0.1	 0.4	 0.0	  0.0	 0.5	  0.0	 0.0	  0.1	  0.0	  0.0	  4.6	 0.0	  0.0	  0.1	  0.0	  0.0	  0.0	  0.0	  0.0	  0.0	  0.0	 0.0	  0.0	  0.7	  0.1	 0.0	  0.0	 0.1	  0.1	  0.0	  0.0	  0.0	 0.4	  0.0	 0.0	  0.0	 0.0	 0.0	  0.0	  0.0	 0.0	 0.0	   0.0	  0.0	  0.0	  0.0	 0.1	  0.0	  0.1	  0.1	  0.1	  0.1	  0.1	  0.2	  0.1	  0.1	  0.1	  0.1
P09038	-1.935457e+00	-2.1296813188	-1.5462762918	-0.7870082228	-0.9025234657	-1.0579459960	-1.4565045652	-1.3228126325	-1.0295324953	-2.165519e+00	-1.8884919375	-1.8724147475	-0.9337015376	-1.8193176528	-2.1565017276	-2.2691584759	-1.1918324580	-1.3372246877	-1.862841e+00	-1.7124310738	-1.4846434937	-1.6990423482	-1.8888661874	-1.7758572650	-1.1843807523	-1.8768639992	-1.0967938116	-0.4717507620	-0.8827771271	-1.349106e+00	-1.4179449729	-0.8061213690	-1.0251592696	-1.2164721628	-0.6072242983	-1.1496938700	-1.2679723390	-1.0973563262	-0.5847456150	-1.5065746684	-0.8115266354	-0.8422602122	-0.4125784963	-1.2521643426	-0.9535929850	-0.8950278184	-1.7833185487	-1.0908540789	-0.9201339761	-1.283032e+00	-1.6856329358	-1.2116283198	-1.3508064286	-0.4415238954	-0.6526294272	-1.1272751314	-0.8439676476	-0.8667601916	-1.015667e+00	-1.4991968439	-1.2686249954	-1.491136e+00	-1.1967920601	-7.801847e-01	-1.0398638831	-1.2822590093	-1.9883646205	-1.394981e+00	-0.3960085240	-0.8224599202	-0.7219015299	-1.241573e+00	-1.1991658898	-5.195214e-01	-1.616877e+00	-1.2643165785	-1.3742466073	-1.493659e+00	-1.2726406412	-2.5367703959	-0.9479314423	-0.7052679451	-1.9810619999	-1.492199e+00	-1.0380914675	-1.4923473649	-1.5012038958	-1.221013e+00	1358	2.458639e-04	7.724416e-04	P09038	174	0.000245863806104748	A	0	0	FGF2	FGFB	ENSG00000138685	Fibroblast growth factor 2	P09038	4	122826708-122898236	Cancer-related genes, Candidate cardiovascular disease genes, FDA approved drug targets, Predicted intracellular proteins, Predicted secreted proteins, RAS pathway related proteins, Transporters	Angiogenesis, Differentiation	Developmental protein, Growth factor, Heparin-binding, Mitogen	Cancer-related genes, FDA approved drug targets	Evidence at protein level	Evidence at protein level	Evidence at protein level	Evidence at protein level	Evidence at protein level	Low tissue specificity	Detected in many	NA		Cell line enhanced	Detected in many	NA	BJ: 56.5;BJ hTERT+: 33.1;fHDF/TERT166: 61.3;hTERT-HME1: 33.8	Low cancer specificity	Detected in many	NA		Low region specificity	Detected in all	NA		Low cell type specificity	Detected in single	NA		Low lineage specificity	Detected in single	NA		Low region specificity	Detected in all	NA		Low region specificity	Detected in all	NA		CAB000125, HPA065502	Enhanced		Supported	Nucleoplasm,Nuclear bodies	Secreted in other tissues	NA	NA	Nucleoplasm, Nuclear bodies		CAB000125: , HPA065502: 	unprognostic (1.53e-2)	unprognostic (3.12e-1)	unprognostic (1.08e-1)	unprognostic (7.42e-2)	unprognostic (2.10e-1)	unprognostic (3.33e-1)	unprognostic (6.98e-2)	unprognostic (1.25e-1)	unprognostic (2.82e-1)	unprognostic (1.79e-1)	prognostic unfavourable (9.85e-4)	unprognostic (3.37e-1)	unprognostic (4.61e-3)	unprognostic (2.36e-1)	unprognostic (1.81e-1)	unprognostic (4.45e-2)	unprognostic (3.45e-3)	 28.1	  3.8	 19.4	  6.9	 21.3	  0.7	 12.1	  6.5	 15.3	 10.2	 14.2	 10.3	  1.9	  2.6	 17.9	  6.3	  6.4	 10.1	  9.4	   5.6	 17.1	 11.0	  5.5	   2.9	  8.3	  2.5	  9.9	 10.7	 16.8	   2.4	 10.1	  4.0	  8.1	 18.6	 10.3	  5.6	  7.5	  4.6	 11.9	   2.0	 2.3	  4.1	 16.2	  17.3	  1.9	  7.6	  3.0	 12.3	 0.0	  3.1	  3.8	  2.7	  7.5	 14.5	  0.8	  0.8	   0.5	  0.5	  0.3	 1.0	  0.0	  1.2	  3.1	  1.7	 6.8	  4.3	  7.2	  0.0	 56.5	 33.1	23.7	 13.8	  0.0	  0.1	 0.0	  6.6	 61.3	  0.2	 1.8	  0.1	 23.9	  4.4	  0.8	 0.0	  6.4	  0.0	 12.8	  0.3	  0.0	  3.9	  0.3	 23.4	 33.8	  2.6	 1.7	 1.9	  6.1	 0.0	 0.0	  0.0	 5.1	  1.3	 0.0	  0.9	  0.0	  7.5	  0.0	 1.0	  0.9	 10.9	  0.0	  0.4	  0.0	  0.1	  2.3	 19.6	  3.8	 7.2	  4.8	  3.3	  3.6	 0.0	  5.6	 0.0	  2.0	  0.5	  0.5	  0.4	 0.3	  0.4	 0.2	  0.4	 0.5	 0.4	  0.2	  0.8	 0.7	 1.0	   0.4	  0.3	  0.4	  0.8	 0.7	  0.0	 19.4	 21.3	  6.5	 15.3	 17.1	 11.0	  9.9	 10.7	 18.6	 12.3
P10909	4.295616e-01	-0.9967323703	-1.0865046094	0.8370325449	-0.4278130760	0.3492083574	-0.1100001924	-0.6173555631	-0.8076158655	-6.599467e-01	-1.3801619604	-1.8346774518	-0.7760675342	-0.3570301236	-1.4091406059	-1.4510646315	-0.5102754502	-0.5677140298	-4.499895e-02	-0.0891703751	-0.8341447052	-1.0349061030	-0.4640995383	-1.2624315993	-0.2677675464	-0.2511771002	1.0580107103	-0.3779867280	-1.2194451611	-7.932076e-01	-0.3139854804	-0.6885282674	-0.0894611836	0.4565212015	-0.4272480207	0.4328229643	-0.7553354588	-0.5738131619	0.9108761542	-0.5511153688	-0.2169016921	0.1043132563	-0.4574961206	-0.9318487828	-0.4372476695	-1.4527456698	0.6307480594	-0.8112613945	-0.2431602021	-4.540538e-01	-0.8195928215	0.1758953974	-0.1431476741	0.6287823225	-0.5733796339	-1.4152265591	-0.3342090801	-0.7756950261	-9.116620e-01	-1.3937837681	0.4278476201	-1.381112e+00	-0.3136079693	2.183108e-01	-0.8471939219	-0.5090598619	-1.0237611437	-4.593324e-01	1.3865974205	-0.3566897398	0.1356133095	-3.388780e-01	0.6437368728	5.211326e-02	-4.517995e-01	-0.7228732399	-0.5804698311	-5.530995e-01	1.2164708631	-1.3469478876	0.6894754549	0.1326179617	0.5965740360	7.005356e-01	0.4689962209	0.6406363494	0.0283044272	-1.839788e-01	1440	4.770543e-03	2.964966e-03	P10909	195	0.00477054220975729	0	B	C	CLU	APOJ, CLI, CLU1, CLU2, KUB1, SGP-2, SP-40, TRPM-2	ENSG00000120885	Clusterin	P10909	8	27596917-27615031	Cancer-related genes, Candidate cardiovascular disease genes, Plasma proteins, Predicted intracellular proteins, Predicted secreted proteins	Apoptosis, Complement pathway, Immunity, Innate immunity	Chaperone	Cancer-related genes	Evidence at protein level	Evidence at protein level	Evidence at protein level	Evidence at protein level	Evidence at protein level	Tissue enhanced	Detected in all	NA	epididymis: 580.4;liver: 590.5	Cell line enhanced	Detected in many	NA	HeLa: 233.1;SK-BR-3: 203.8;T-47d: 148.7;U-2 OS: 133.0	Cancer enhanced	Detected in all	NA	glioma: 1485.6	Low region specificity	Detected in all	NA		Cell type enriched	Detected in many	  7	basophil: 69.2	Lineage enriched	Detected in many	 25	granulocytes: 69.2	Low region specificity	Detected in all	NA		Low region specificity	Detected in all	NA		HPA000572, CAB016253	Enhanced				Secreted to blood	 36000000000	 36000000000			CAB016253: AB_673562, HPA000572: AB_1078539	unprognostic (1.10e-2)	unprognostic (1.81e-2)	unprognostic (1.14e-3)	unprognostic (2.74e-2)	unprognostic (5.59e-2)	unprognostic (4.13e-2)	unprognostic (1.76e-2)	unprognostic (2.37e-1)	unprognostic (1.46e-1)	unprognostic (1.05e-1)	unprognostic (2.87e-2)	unprognostic (1.41e-1)	unprognostic (1.80e-2)	unprognostic (2.33e-2)	unprognostic (1.72e-1)	prognostic favourable (7.66e-5)	unprognostic (5.29e-2)	 82.5	217.4	233.5	 50.2	280.3	  3.4	 90.4	141.2	414.7	 78.3	 47.9	139.5	184.6	 19.9	 55.4	580.4	 48.3	217.2	172.7	  24.6	176.2	154.7	 69.8	 590.5	 30.5	127.3	209.0	173.1	 49.6	 134.8	220.4	 34.3	  8.5	189.0	 63.4	 18.0	125.4	 62.2	359.2	   7.7	12.8	 24.0	 87.9	 255.2	 17.2	 56.6	161.5	113.5	 5.3	106.6	 11.8	134.8	 72.2	 54.7	  0.1	  1.3	  69.2	  2.1	  0.9	 2.7	110.6	  0.7	 96.0	  4.2	 4.9	 23.8	 32.8	 13.4	 17.0	 33.6	 4.5	  2.3	 18.4	 15.2	 0.3	 68.3	 15.1	 32.2	18.2	  2.7	  2.9	 70.8	 17.6	41.6	233.1	 22.6	 20.8	  1.0	111.1	 54.9	 11.0	 19.4	  5.6	 59.1	 0.5	49.0	  1.5	16.1	 0.3	  3.1	35.0	 11.4	 0.3	 16.1	 13.3	 44.4	 69.3	 3.9	  2.4	 23.6	203.8	  1.0	148.7	  0.6	  8.7	  1.3	133.0	 7.6	  5.7	  6.3	 22.4	 0.7	107.0	 6.9	  0.6	 69.2	  2.1	  0.9	 2.3	  0.6	 0.8	  0.0	 2.7	 2.5	  0.7	  0.1	 0.3	 0.8	   9.6	  0.9	  0.1	  1.3	 0.7	110.6	233.5	280.3	141.2	223.1	176.2	154.7	209.0	173.1	189.0	113.5
P11216	1.487776e-01	0.0069662077	0.0168908537	-0.2092012569	0.2128315337	-0.3263041673	-0.0277732099	-0.3677341376	-0.0096193182	-3.482949e-01	-0.2451265585	0.1229400359	-0.7690936568	-0.6279715358	-0.4415863679	-0.3451774833	-0.0502882674	0.6356698687	1.138110e-01	-0.3094305103	-0.5462837466	-0.3044148798	-0.1873103561	0.6108205067	0.2060504705	0.0072994708	-0.3450477030	0.2588560491	0.4543195657	9.367434e-01	-0.0761850648	0.3298315057	1.2827641080	0.4662210198	0.5544960711	-0.1713451192	-0.3516756804	0.6168671331	0.4942380073	0.3502103028	-0.2715199353	0.0087151211	-0.0313229936	0.5131757057	0.1710832751	0.7937158540	0.8168097074	0.0155269656	0.7066627252	2.375439e-01	0.1450123601	-0.5766001728	0.5634991076	0.3857791766	0.7737080367	0.5218173767	0.1939241002	-0.1625197146	7.776311e-01	0.4638385436	-0.2677942958	7.572832e-02	0.2405709129	3.939629e-01	0.4184693082	0.1730329970	-0.6136668965	1.820631e-01	0.7763051891	0.8337744892	0.1960196093	2.771154e-01	0.2818335292	7.747802e-02	-5.220191e-02	0.2828986080	0.2097000657	5.042117e-02	-0.0850374529	-0.2872823888	0.7974798546	-0.1709869406	-0.3058053581	-1.311032e-01	-0.1302375779	-0.5989271567	-0.3668884355	1.126511e+00	1455	3.431818e-05	1.508018e-05	P11216	197	3.43182278280035e-05	A	0	0	PYGB		ENSG00000100994	Glycogen phosphorylase B	P11216	20	25248069-25298014	Candidate cardiovascular disease genes, Enzymes, Plasma proteins, Predicted intracellular proteins	Carbohydrate metabolism, Glycogen metabolism	Allosteric enzyme, Glycosyltransferase, Transferase		Evidence at protein level	Evidence at transcript level	Evidence at protein level	Evidence at protein level	Evidence at protein level	Tissue enhanced	Detected in all	NA	smooth muscle: 101.9	Cell line enhanced	Detected in all	NA	PC-3: 70.3;SK-MEL-30: 88.2	Low cancer specificity	Detected in all	NA		Low region specificity	Detected in all	NA		Low cell type specificity	Detected in all	NA		Low lineage specificity	Detected in all	NA		Low region specificity	Detected in all	NA		Low region specificity	Detected in all	NA		HPA031067	Approved		Approved	Cytosol		    16000000	    16000000	Cytosol		HPA031067: 	unprognostic (6.13e-2)	unprognostic (5.98e-2)	unprognostic (1.21e-1)	unprognostic (2.22e-1)	unprognostic (1.21e-1)	unprognostic (1.05e-1)	prognostic unfavourable (4.37e-4)	prognostic unfavourable (1.10e-4)	unprognostic (1.23e-3)	unprognostic (8.39e-3)	unprognostic (1.58e-3)	unprognostic (1.98e-1)	unprognostic (1.22e-2)	unprognostic (3.41e-2)	unprognostic (1.69e-1)	unprognostic (1.40e-1)	prognostic unfavourable (1.43e-4)	 19.0	 11.3	 24.2	 12.1	 22.9	  6.1	 28.4	 38.3	 34.8	 14.3	 47.0	 21.5	 19.0	 12.5	 15.9	 13.8	 49.6	 14.1	 21.1	  72.5	 21.1	 21.3	 13.5	   4.4	 14.8	  8.1	 22.9	 24.7	 11.9	   9.7	  8.0	 18.2	  6.2	 28.0	 42.2	 33.8	 11.0	 58.4	 52.0	   5.0	23.9	 13.1	101.9	  17.8	  8.2	 24.1	 14.5	 17.4	 9.5	 21.1	  8.4	 10.3	 56.7	 14.8	  4.5	 11.2	   5.2	 16.8	  8.1	10.6	 16.0	  5.2	 37.6	  6.8	 6.6	 17.4	 32.8	  5.0	 10.6	 13.9	 8.9	  7.5	  8.4	  6.5	 6.2	 12.5	 14.1	 21.1	 7.6	 28.2	  4.9	  3.5	  4.7	 5.0	  3.1	 14.4	 20.6	  7.3	  7.0	 19.0	 26.5	 22.7	 33.6	 11.4	 2.7	15.8	 12.5	14.5	 7.3	  5.7	 6.1	 70.3	 5.6	 12.3	  8.2	 48.9	  9.6	10.2	  6.3	  7.2	 12.8	 88.2	  8.9	  4.7	 25.0	 10.6	  6.4	11.3	 21.5	  6.1	  9.5	 2.4	 11.9	 5.8	 57.6	  2.6	 10.2	  5.2	 8.5	 15.5	 8.3	  4.5	 6.8	 7.5	 11.2	  4.2	 8.8	10.6	   2.5	  8.1	 16.8	  5.5	 7.5	 16.0	 24.2	 22.9	 38.3	 34.8	 21.1	 21.3	 22.9	 24.7	 28.0	 17.4
P14210	-2.450640e-01	-0.6013981543	-1.6415075880	-0.3925922759	-1.1540906560	-0.1014529142	-0.5973215426	-0.4148668379	-0.3851252285	-6.441320e-02	-0.6532694826	-0.6483983675	-0.3801268114	-0.3115425222	-0.5109410615	-0.7265567557	-0.7396379004	-0.2334857391	-4.603734e-01	-0.1998436018	0.1264204440	-0.6201062438	-0.2126919037	-0.2862269552	-0.5164526992	-0.1485614067	0.1338324464	-0.4358072990	-0.6627707338	-5.354875e-01	-0.2717722771	-0.4858227962	-0.1740909599	-0.5034279341	0.2837584855	-0.2654537545	-0.1779227802	-0.6010426629	-0.0868359910	-0.3814900252	0.1177756061	0.3277395841	-0.1591621999	-0.1854894142	-0.3152861491	-0.5859920349	-0.0130788849	-0.5686562414	0.9660921286	-2.014113e-01	-0.2639685612	-0.2273800875	-0.0656509014	1.1604114009	-0.1372738830	-0.3544723794	-0.4395448046	-1.6967273025	-2.916115e-01	-0.3322033445	0.1063322548	-7.907629e-01	-0.5130975982	1.874310e-01	-0.2883071899	-0.2203105850	0.0645032331	-8.161193e-02	-0.0233367164	-0.2648676475	0.0038110685	-2.067172e-01	0.3183972935	1.527517e-01	-3.510301e-01	-0.1300466573	-0.9602694996	-4.617723e-01	-1.0988283053	-0.4366647506	0.3969179237	0.6623158449	0.6625894606	-3.822437e-02	-0.3479848002	-0.9193666286	-0.4751856488	1.449183e+00	1558	4.757519e-03	1.301774e-02	P14210	210	0.00475751917127221	0	B	0	HGF	DFNB39, F-TCF, HGFB, HPTA, SF	ENSG00000019991	Hepatocyte growth factor	P14210	7	81699008-81770438	Cancer-related genes, Candidate cardiovascular disease genes, Disease related genes, Enzymes, Plasma proteins, Potential drug targets, Predicted secreted proteins, RAS pathway related proteins		Growth factor, Serine protease homolog	Cancer-related genes, Deafness, Non-syndromic deafness	Evidence at protein level	Evidence at protein level	Evidence at protein level	Evidence at protein level	Evidence at protein level	Tissue enhanced	Detected in many	NA	placenta: 116.9	Cell line enhanced	Detected in some	NA	ASC TERT1: 44.8;HHSteC: 35.1;HL-60: 19.6;hTEC/SVTERT24-B: 22.0;Karpas-707: 60.7;U-87 MG: 16.1	Low cancer specificity	Detected in many	NA		Low region specificity	Detected in many	NA		Cell type enriched	Detected in many	  4	basophil: 33.5	Lineage enriched	Detected in many	  4	granulocytes: 33.5	Low region specificity	Detected in many	NA		Low region specificity	Detected in many	NA		CAB010333, HPA040360, HPA044088	Approved		Approved	Centrosome,Cytosol	Secreted to blood	NA	NA	Cytosol	Centrosome	CAB010333: AB_647965, HPA040360: , HPA044088: 	unprognostic (5.24e-2)	unprognostic (6.77e-2)	unprognostic (1.72e-2)	unprognostic (5.12e-2)	unprognostic (1.85e-2)	unprognostic (7.45e-5)	unprognostic (1.66e-1)	unprognostic (9.28e-3)	unprognostic (3.28e-2)	unprognostic (2.97e-2)	unprognostic (2.74e-1)	unprognostic (5.29e-2)	prognostic unfavourable (5.59e-4)	unprognostic (7.90e-3)	unprognostic (2.92e-2)	unprognostic (1.14e-2)	unprognostic (2.06e-2)	  6.2	 10.6	  1.4	  2.9	  1.2	  4.6	  4.8	  0.5	  4.5	  5.1	  4.0	  0.4	  2.9	  1.5	  5.2	  3.1	  2.9	  4.0	  7.1	   9.3	  3.6	  1.3	  7.3	  27.5	 15.8	  2.0	  1.3	  1.4	  3.2	   1.4	  1.6	  4.3	116.9	  1.9	 10.8	  1.9	  2.0	  2.2	  3.2	   1.4	 0.9	  1.8	 15.1	   6.0	  6.6	  2.3	  2.0	  0.9	 0.5	  5.3	  1.4	  1.4	 10.5	 21.5	  0.0	  2.0	  33.5	  7.6	  0.0	 0.0	  1.5	  0.0	  0.0	  0.0	 0.0	  5.5	 44.8	  0.0	  0.1	  8.3	 0.0	  0.0	  0.0	  0.0	 0.0	  0.0	  0.1	  0.0	 0.0	  0.0	  0.0	  0.0	  0.0	 1.4	  0.0	  0.0	 35.1	 19.6	  0.1	 10.6	  0.0	 22.0	  0.0	  0.5	 0.0	60.7	  0.1	 0.0	 0.0	 13.6	 0.0	  0.0	 0.2	  0.0	  1.8	  0.0	  0.0	 0.0	  2.3	  0.0	  0.0	  0.0	  0.0	  0.8	  0.1	  0.5	  0.0	 0.0	  0.0	  0.0	  0.0	 0.0	 16.1	 4.1	  0.0	 33.5	  6.6	  1.6	 0.0	  7.6	 0.0	  0.0	 0.0	 0.0	  2.0	  0.0	 0.0	 0.0	   1.3	  0.0	  6.7	  0.4	 0.0	  1.5	  1.4	  1.2	  0.5	  4.5	  3.6	  1.3	  1.3	  1.4	  1.9	  0.9
P35749	-1.716572e+00	-1.6733921638	-0.6387590445	-0.6631530521	-0.6190537345	-1.1686667866	-0.7652649363	-1.4058153664	-0.6245274171	-9.281549e-01	-1.4319438952	-1.3018818948	-3.0676472166	-1.4588684353	-1.2842728587	-1.3382955590	-0.2242756120	-0.2769827895	-1.188255e+00	-1.5778978852	-1.0361389626	-0.9149070505	-1.3560621787	-0.7680166893	-1.2439159110	-1.2806963071	0.4920465313	0.6847082052	-0.5648245314	-2.816084e-01	-1.2624402585	-0.8249218873	-0.1494897259	0.1990018905	0.9240732804	-0.8803500064	-1.0018066507	-1.0840166851	-0.6293721681	0.0794696182	0.0498218449	-0.3323547822	-0.6247454510	-0.1951207134	0.2959544164	-0.1967116710	0.0230048204	-0.3733819210	1.0857379516	-7.301220e-01	-0.3320618178	-1.8904463223	0.9424754671	0.7796103751	0.1650132948	-0.8081153550	-0.2281914773	-0.7968357995	-3.347797e-01	-1.3516409419	-1.1776068149	-1.145210e+00	-0.4561960241	1.091817e-01	-0.8911483285	-0.7903665692	-1.4326109050	-1.185686e+00	-0.2579276240	-0.2566024224	0.5508802793	-7.677017e-01	-0.5894306178	-1.289745e+00	-7.059053e-01	-1.0667557165	-0.7401360454	-9.830857e-01	-0.5738804890	-1.3276395051	0.3839404264	-0.8763903929	-1.3778142894	-1.200237e-01	-0.8142784273	-0.7989416142	-0.1446517159	-1.983404e-01	2163	1.782746e-04	3.358827e-04	P35749	340	0.000178274704775979	A	0	0	MYH11	SMHC, SMMHC	ENSG00000133392	Myosin heavy chain 11	P35749	16	15703172-15857033	Cancer-related genes, Candidate cardiovascular disease genes, Disease related genes, Plasma proteins, Predicted intracellular proteins		Actin-binding, Calmodulin-binding, Motor protein, Muscle protein, Myosin	Aortic aneurysm, Cancer-related genes, Disease mutation, Proto-oncogene	Evidence at protein level	Evidence at protein level	Evidence at protein level	Evidence at protein level	Evidence at protein level	Tissue enhanced	Detected in many	NA	smooth muscle: 507.4;urinary bladder: 394.5	Cell line enhanced	Detected in some	NA	BEWO: 3.5;NB-4: 3.8;U-698: 9.7	Cancer enhanced	Detected in many	NA	prostate cancer: 173.2	Low region specificity	Detected in many	NA		Low cell type specificity	Detected in many	NA		Low lineage specificity	Detected in many	NA		Low region specificity	Detected in many	NA		Region enhanced	Detected in many	NA	midbrain: 54.5	CAB002302, HPA014539, HPA015310	Enhanced		Supported	Plasma membrane,Cytosol		   130000000	   130000000	Plasma membrane, Cytosol		CAB002302: AB_563902, HPA014539: AB_1854260, HPA015310: AB_1854261	unprognostic (7.99e-2)	unprognostic (3.07e-2)	unprognostic (4.18e-2)	unprognostic (9.21e-3)	unprognostic (6.70e-2)	unprognostic (2.75e-2)	prognostic favourable (1.10e-5)	unprognostic (1.41e-2)	unprognostic (1.87e-1)	unprognostic (3.44e-2)	unprognostic (1.28e-1)	unprognostic (1.14e-1)	unprognostic (1.19e-3)	unprognostic (4.06e-2)	unprognostic (9.53e-2)	unprognostic (5.00e-2)	unprognostic (5.45e-3)	 13.2	  3.0	  0.6	 31.5	  1.2	  0.0	  5.9	  0.5	  1.7	 90.3	227.5	  1.3	100.0	 11.6	102.0	 38.4	233.0	 43.8	 94.3	   6.2	  0.6	  0.7	  4.7	   0.7	  8.5	  1.5	  1.4	  2.6	 45.5	   1.3	  0.0	  1.0	  5.3	  3.6	164.7	 22.2	 37.0	  8.8	127.2	   6.4	 5.0	 50.6	507.4	   1.4	  3.7	 77.7	 22.3	  0.2	 0.1	  3.7	  6.2	  3.0	394.5	 57.5	  1.5	  0.9	   6.0	  0.9	  1.1	 1.5	  0.4	  0.1	  0.4	  0.2	 0.1	  0.0	  0.0	  3.5	  0.1	  0.0	 0.0	  0.0	  0.0	  0.3	 0.1	  0.2	  0.0	  0.6	 0.0	  0.0	  0.0	  0.4	  0.4	 0.2	  0.1	  0.0	  0.0	  0.1	  1.0	  0.0	  0.0	  0.0	  0.0	  0.0	 0.1	 1.5	  0.0	 0.3	 0.3	  3.8	 0.4	  0.1	 0.4	  0.1	  1.9	  0.0	  0.2	 0.7	  1.4	  0.2	  0.5	  1.2	  0.4	  0.0	  0.3	  0.1	  0.3	 2.0	  0.1	  0.4	  0.4	 9.7	  0.4	 0.4	  0.4	  3.1	  0.9	  2.7	 1.2	  0.6	 1.2	  1.5	 1.5	 1.4	  0.5	  1.2	 1.4	 1.4	   6.0	  1.1	  0.6	  0.9	 1.4	  0.4	  0.6	  1.2	  0.5	  1.7	  0.6	  0.7	  1.4	  2.6	  3.6	  0.2
Q07954	-3.210606e-01	-0.3061343616	-0.6527428124	-0.2092012569	-0.4395907859	-0.2903100168	-0.8063892991	-0.3954804966	-0.5930407358	-4.223325e-01	-0.3422492058	-0.2243053543	-0.3774451385	-0.3622288499	-0.3122508608	-0.4375913730	-0.3602728235	-0.6131065833	-1.771348e-01	-0.3243503567	-0.4203398862	-0.5667139891	-0.4245782940	-0.7166945283	-0.3731350212	-0.4291629925	0.1102743174	-0.1114477966	-0.1804442296	-7.436410e-01	-0.4503795722	0.3248768833	-0.2902829495	0.0549658531	-0.1965981494	-0.4415494184	-0.1554167408	-0.5280392132	-0.1540603558	-0.5379480900	0.1350036692	-0.3797850219	-0.1968208895	-0.5544161605	0.1621823867	-0.6217080827	0.1425913174	-0.6678556660	-0.5569816591	-6.258043e-01	-0.5492058242	-0.0975059100	-0.2841324484	0.5176139399	-0.3590335415	-0.7965148945	-0.2478894315	-0.6815151162	-6.764158e-01	-0.4298526606	-0.1403686361	-6.275917e-01	-0.3327777347	-4.712615e-02	-0.3800576127	-0.4451621655	-0.5351100433	-4.937113e-01	0.1627206311	-0.0212738654	0.0597965635	-2.009229e-01	0.0803757470	4.790989e-02	-4.314020e-01	-0.0453694429	-0.0829063761	-3.761059e-01	-0.7626754170	-0.6539866913	-0.2879371541	0.3280895713	-0.3336428091	5.498640e-02	0.1391164217	-0.3922482669	0.2879758554	-2.678936e-01	3174	6.456687e-03	2.436582e-02	Q07954	511	0.00645668779459425	0	B	C	LRP1	A2MR, APOER, APR, CD91, IGFBP-3R, IGFBP3R1, LRP, LRP1A	ENSG00000123384	LDL receptor related protein 1	Q07954	12	57128493-57213351	Candidate cardiovascular disease genes, CD markers, Disease related genes, Plasma proteins, Predicted intracellular proteins, Predicted membrane proteins	Endocytosis	Developmental protein, Receptor	Disease mutation	Evidence at protein level	Evidence at protein level	Evidence at protein level	Evidence at protein level	Evidence at protein level	Low tissue specificity	Detected in all	NA		Cell line enhanced	Detected in many	NA	ASC diff: 82.6;ASC TERT1: 83.9;fHDF/TERT166: 36.0;HSkMC: 54.3	Low cancer specificity	Detected in all	NA		Low region specificity	Detected in all	NA		Group enriched	Detected in some	 18	classical monocyte: 7.6;intermediate monocyte: 4.0;myeloid DC: 2.8;non-classical monocyte: 3.7	Group enriched	Detected in many	 20	dendritic cells: 2.8;monocytes: 7.6	Low region specificity	Detected in all	NA		Low region specificity	Detected in all	NA		HPA004182, CAB018621, HPA022903	Supported		Approved	Nucleoplasm,Vesicles	Intracellular and membrane	    88000000	    88000000	Vesicles	Nucleoplasm	CAB018621: AB_627893, HPA004182: , HPA022903: AB_10602426	unprognostic (1.65e-1)	unprognostic (1.61e-1)	unprognostic (1.76e-1)	unprognostic (2.71e-1)	unprognostic (5.00e-2)	unprognostic (4.33e-2)	unprognostic (3.98e-1)	unprognostic (8.68e-2)	unprognostic (1.70e-1)	unprognostic (3.37e-3)	unprognostic (1.48e-1)	unprognostic (1.25e-1)	prognostic unfavourable (1.52e-5)	unprognostic (2.81e-3)	unprognostic (6.13e-2)	unprognostic (2.80e-2)	prognostic unfavourable (1.29e-5)	 77.8	 12.0	 19.8	 21.5	 21.3	  6.1	 27.7	 28.1	 25.3	 31.4	 19.7	 11.9	  9.0	 17.8	 26.9	 18.2	 19.2	 21.0	 24.1	  26.0	 18.6	 10.4	  6.3	  31.4	 24.7	  5.5	 13.9	 15.6	 56.9	   8.8	  8.5	  8.0	 29.4	 17.1	 21.4	  9.5	 20.0	 14.8	 17.0	  11.3	15.7	 14.2	 22.4	  14.3	 11.3	 11.8	 11.1	 15.4	 0.3	 13.2	  9.3	  3.1	 22.9	 39.4	  0.0	  2.8	   0.1	  7.6	  0.0	 0.2	  1.9	  1.2	  2.3	  5.0	 4.0	 82.6	 83.9	 15.2	 13.9	 18.0	 4.6	  4.5	  4.3	  2.0	 0.0	  1.7	 36.0	  5.5	 0.8	  1.4	  1.6	  0.1	  0.2	 0.0	  2.7	  9.0	 11.3	  0.0	  2.4	 54.3	  0.5	 10.3	  1.2	  0.2	 0.0	 0.2	 14.3	 0.2	 0.0	  0.0	 5.8	  1.4	 0.5	 28.6	  0.2	  0.3	  0.3	 0.2	  2.7	  3.1	  0.1	  2.2	  0.4	  0.2	  0.2	 16.1	  6.0	 8.9	  0.8	  0.1	  0.0	 0.0	 28.2	 0.0	  3.0	  0.0	  7.6	  0.0	 0.0	  4.0	 0.0	  0.0	 0.1	 0.0	  2.8	  0.0	 0.0	 0.2	   0.1	  0.0	  3.7	  0.0	 0.0	  1.9	 19.8	 21.3	 28.1	 19.7	 18.6	 10.4	 13.9	 15.6	 17.1	 15.4
